config_index,config_label,tune_return,holdout_return,tune_trades,tune_exposure,holdout_trades,holdout_exposure
0,st7x2_rsinone_adxnone,0.06202083485433629,0.07859954134517944,83,0.5617371558330968,48,0.4883116883116883
1,st7x2_rsinone_adx7>20,0.010982884741192134,0.051723547682807736,83,0.5554924780017031,48,0.48675324675324677
2,st7x2_rsinone_adx7>30,0.24328653847585602,-0.0763608258766807,65,0.44876525688333807,41,0.42753246753246754
3,st7x2_rsinone_adx14>20,0.004279707059204441,-0.029077537822964405,63,0.426625035481124,38,0.3787012987012987
4,st7x2_rsinone_adx14>30,-0.14084786386019343,0.09912041710874053,34,0.23417541867726369,19,0.20467532467532468
5,st7x2_rsi14>40_adxnone,0.06202083485433629,0.07859954134517944,83,0.5617371558330968,48,0.4883116883116883
6,st7x2_rsi14>40_adx7>20,0.010982884741192134,0.051723547682807736,83,0.5554924780017031,48,0.48675324675324677
7,st7x2_rsi14>40_adx7>30,0.24328653847585602,-0.0763608258766807,65,0.44876525688333807,41,0.42753246753246754
8,st7x2_rsi14>40_adx14>20,0.004279707059204441,-0.029077537822964405,63,0.426625035481124,38,0.3787012987012987
9,st7x2_rsi14>40_adx14>30,-0.14084786386019343,0.09912041710874053,34,0.23417541867726369,19,0.20467532467532468
10,st7x2_rsi14>50_adxnone,0.027706003795719747,0.08554811875332557,81,0.5520862900936702,45,0.467012987012987
11,st7x2_rsi14>50_adx7>20,-0.0216828650769868,0.05849898398044728,81,0.5458416122622765,45,0.46545454545454545
12,st7x2_rsi14>50_adx7>30,0.40166312385685665,-0.18726377759102952,61,0.43145046835083734,39,0.4005194805194805
13,st7x2_rsi14>50_adx14>20,0.014835152571618604,-0.06833659905161349,60,0.41555492478001704,36,0.3548051948051948
14,st7x2_rsi14>50_adx14>30,-0.14579946698098512,-0.021494176744261573,32,0.22565994890718138,15,0.16207792207792207
15,st7x2_rsi14>60_adxnone,0.06892122110080767,0.012019966781082969,63,0.441101334090264,34,0.3527272727272727
16,st7x2_rsi14>60_adx7>20,0.0027119572860112573,0.006132082227620961,63,0.43911439114391143,34,0.3522077922077922
17,st7x2_rsi14>60_adx7>30,0.18554464360195255,0.2696567285848579,52,0.3647459551518592,27,0.3028571428571429
18,st7x2_rsi14>60_adx14>20,0.31840800982014206,0.1736782927188114,43,0.3275617371558331,26,0.27220779220779223
19,st7x2_rsi14>60_adx14>30,-0.06178849118765639,0.14286178546294592,28,0.20011353959693443,12,0.14285714285714285
20,st7x2_rsi28>40_adxnone,0.0426909380065974,0.07859954134517944,83,0.5603179108714164,48,0.4883116883116883
21,st7x2_rsi28>40_adx7>20,-0.007418067702977149,0.051723547682807736,83,0.5540732330400228,48,0.48675324675324677
22,st7x2_rsi28>40_adx7>30,0.28568526998898913,-0.0763608258766807,64,0.44649446494464945,41,0.42753246753246754
23,st7x2_rsi28>40_adx14>20,-0.01399924049683643,-0.029077537822964405,63,0.4252057905194437,38,0.3787012987012987
24,st7x2_rsi28>40_adx14>30,-0.15648533689561617,0.09912041710874053,34,0.2327561737155833,19,0.20467532467532468
25,st7x2_rsi28>50_adxnone,0.01643599379288463,0.028304572839635167,76,0.5245529378370707,41,0.4296103896103896
26,st7x2_rsi28>50_adx7>20,0.006808191013245368,0.0026818035696263287,75,0.5174567130286688,41,0.4280519480519481
27,st7x2_rsi28>50_adx7>30,0.26445793455749644,-0.054722259197513945,58,0.41527107578768097,35,0.3755844155844156
28,st7x2_rsi28>50_adx14>20,-0.05426868328732837,-0.09382120373582703,54,0.3837638376383764,33,0.32727272727272727
29,st7x2_rsi28>50_adx14>30,-0.20260049902066368,0.14286178546294592,30,0.21260289525972184,12,0.14285714285714285
30,st7x2_rsi28>60_adxnone,0.47406732784969896,0.120336596900811,38,0.30087993187624185,16,0.16675324675324676
31,st7x2_rsi28>60_adx7>20,0.456749144903976,0.120336596900811,38,0.30059608288390577,16,0.16675324675324676
32,st7x2_rsi28>60_adx7>30,0.2380715347955198,0.17280643765605275,37,0.27788816349701956,15,0.16363636363636364
33,st7x2_rsi28>60_adx14>20,0.25452714569926926,0.08826156622359105,37,0.27817201248935564,16,0.1625974025974026
34,st7x2_rsi28>60_adx14>30,-0.10302049522056533,0.1194781783083001,27,0.18365029804144195,11,0.11324675324675325
35,st7x3_rsinone_adxnone,0.5081362292933298,-0.25905576171178424,45,0.559182514902072,29,0.5210389610389611
36,st7x3_rsinone_adx7>20,0.7483161092832971,-0.25905576171178424,45,0.5560601759863752,29,0.5210389610389611
37,st7x3_rsinone_adx7>30,1.1350274405974972,-0.2194990192570384,38,0.5032642634118649,27,0.48987012987012984
38,st7x3_rsinone_adx14>20,1.2188733484705514,-0.19211134565705568,32,0.4598353675844451,25,0.44831168831168833
39,st7x3_rsinone_adx14>30,0.9928823060944878,-0.2533143228819892,22,0.35310814646608,14,0.2161038961038961
40,st7x3_rsi14>40_adxnone,0.5081362292933298,-0.25905576171178424,45,0.559182514902072,29,0.5210389610389611
41,st7x3_rsi14>40_adx7>20,0.7483161092832971,-0.25905576171178424,45,0.5560601759863752,29,0.5210389610389611
42,st7x3_rsi14>40_adx7>30,1.1350274405974972,-0.2482058019936204,38,0.5032642634118649,27,0.48935064935064937
43,st7x3_rsi14>40_adx14>20,1.2188733484705514,-0.19211134565705568,32,0.4598353675844451,25,0.44831168831168833
44,st7x3_rsi14>40_adx14>30,0.9928823060944878,-0.2533143228819892,22,0.35310814646608,14,0.2161038961038961
45,st7x3_rsi14>50_adxnone,0.5081362292933298,-0.20017099309897968,45,0.559182514902072,28,0.5148051948051948
46,st7x3_rsi14>50_adx7>20,0.8506208161169779,-0.20017099309897968,44,0.5509508941243259,28,0.5148051948051948
47,st7x3_rsi14>50_adx7>30,1.2084893723580707,-0.18401143196930614,37,0.5029804144195288,26,0.4825974025974026
48,st7x3_rsi14>50_adx14>20,1.6179768888869623,-0.12790632992496742,30,0.45642917967641217,24,0.44207792207792207
49,st7x3_rsi14>50_adx14>30,0.9928823060944878,-0.19397326717019991,22,0.35310814646608,13,0.20987012987012987
50,st7x3_rsi14>60_adxnone,0.8182618904605414,-0.08979036694728881,40,0.5160374680669884,24,0.4509090909090909
51,st7x3_rsi14>60_adx7>20,0.8044849864990531,-0.08979036694728881,40,0.5151859210899802,24,0.4509090909090909
52,st7x3_rsi14>60_adx7>30,0.9540245542337247,0.0510479563780879,35,0.46977008231620776,21,0.4057142857142857
53,st7x3_rsi14>60_adx14>20,1.496834226307862,0.018545136707865728,26,0.41555492478001704,20,0.3735064935064935
54,st7x3_rsi14>60_adx14>30,0.6218647359532408,-0.030721877547107868,19,0.27618506954300315,11,0.19532467532467532
55,st7x3_rsi28>40_adxnone,0.5081362292933298,-0.25905576171178424,45,0.559182514902072,29,0.5210389610389611
56,st7x3_rsi28>40_adx7>20,0.7483161092832971,-0.25905576171178424,45,0.5560601759863752,29,0.5210389610389611
57,st7x3_rsi28>40_adx7>30,1.1350274405974972,-0.2194990192570384,38,0.5032642634118649,27,0.48987012987012984
58,st7x3_rsi28>40_adx14>20,1.2188733484705514,-0.19211134565705568,32,0.4598353675844451,25,0.44831168831168833
59,st7x3_rsi28>40_adx14>30,0.9928823060944878,-0.2533143228819892,22,0.35310814646608,14,0.2161038961038961
60,st7x3_rsi28>50_adxnone,0.3144689907987457,-0.07072163886824345,45,0.5526539880783423,26,0.49922077922077923
61,st7x3_rsi28>50_adx7>20,0.7033663565633121,-0.07072163886824345,43,0.5421515753619075,26,0.49922077922077923
62,st7x3_rsi28>50_adx7>30,0.9303411683871448,-0.016413999175218463,37,0.496168038603463,24,0.4675324675324675
63,st7x3_rsi28>50_adx14>20,1.2817895175704064,0.013238791652120385,30,0.4499006528526824,22,0.4264935064935065
64,st7x3_rsi28>50_adx14>30,0.7738323339722457,-0.030721877547107868,20,0.3142208345160375,11,0.19532467532467532
65,st7x3_rsi28>60_adxnone,0.948653003798493,-0.13290047883777367,25,0.36815214305989213,14,0.21922077922077923
66,st7x3_rsi28>60_adx7>20,0.9338881311316545,-0.13290047883777367,25,0.3673005960828839,14,0.21922077922077923
67,st7x3_rsi28>60_adx7>30,0.9206632212064068,-0.13290047883777367,24,0.3545273914277604,14,0.21922077922077923
68,st7x3_rsi28>60_adx14>20,0.925052022076037,-0.16018207348802949,23,0.3426057337496452,14,0.21558441558441557
69,st7x3_rsi28>60_adx14>30,0.501101799759547,-0.05055386346818025,18,0.2529094521714448,10,0.1657142857142857
70,st7x4_rsinone_adxnone,1.4687075758056638,-0.23586569679953384,24,0.5466931592392847,19,0.4451948051948052
71,st7x4_rsinone_adx7>20,1.3872974601648695,-0.23586569679953384,24,0.5455577632699404,19,0.4451948051948052
72,st7x4_rsinone_adx7>30,1.3867511139757975,-0.27429888882318876,24,0.5276752767527675,19,0.4425974025974026
73,st7x4_rsinone_adx14>20,1.5167020400937368,-0.2364125246620168,22,0.50723814930457,18,0.40935064935064935
74,st7x4_rsinone_adx14>30,1.0579835683552377,-0.23070181129888,16,0.42208345160374683,11,0.25142857142857145
75,st7x4_rsi14>40_adxnone,1.4687075758056638,-0.23586569679953384,24,0.5466931592392847,19,0.4451948051948052
76,st7x4_rsi14>40_adx7>20,1.3872974601648695,-0.23586569679953384,24,0.5455577632699404,19,0.4451948051948052
77,st7x4_rsi14>40_adx7>30,1.3004068144259664,-0.27429888882318876,24,0.5271075787680953,19,0.4425974025974026
78,st7x4_rsi14>40_adx14>20,1.5129638428669296,-0.2364125246620168,21,0.5066704513198979,18,0.40935064935064935
79,st7x4_rsi14>40_adx14>30,1.0579835683552377,-0.23070181129888,16,0.42208345160374683,11,0.25142857142857145
80,st7x4_rsi14>50_adxnone,1.4687075758056638,-0.23586569679953384,24,0.5466931592392847,19,0.4451948051948052
81,st7x4_rsi14>50_adx7>20,1.3872974601648695,-0.23586569679953384,24,0.5455577632699404,19,0.4451948051948052
82,st7x4_rsi14>50_adx7>30,1.2427886762072209,-0.27429888882318876,24,0.5268237297757593,19,0.4425974025974026
83,st7x4_rsi14>50_adx14>20,1.5129638428669296,-0.2364125246620168,21,0.5066704513198979,18,0.40935064935064935
84,st7x4_rsi14>50_adx14>30,1.0579835683552377,-0.23070181129888,16,0.42208345160374683,11,0.25142857142857145
85,st7x4_rsi14>60_adxnone,1.4713397127479189,-0.2872051715650058,24,0.5359068975305138,19,0.44311688311688313
86,st7x4_rsi14>60_adx7>20,1.3898427976113292,-0.2872051715650058,24,0.5347715015611695,19,0.44311688311688313
87,st7x4_rsi14>60_adx7>30,1.1726453351414459,-0.23661960689405903,24,0.5126312801589554,18,0.4244155844155844
88,st7x4_rsi14>60_adx14>20,1.4672836925263648,-0.28743503323127184,20,0.4919103037184218,18,0.40415584415584416
89,st7x4_rsi14>60_adx14>30,0.7459530506827028,-0.23070181129888,16,0.3888731195004258,11,0.25142857142857145
90,st7x4_rsi28>40_adxnone,1.4687075758056638,-0.23586569679953384,24,0.5466931592392847,19,0.4451948051948052
91,st7x4_rsi28>40_adx7>20,1.3872974601648695,-0.23586569679953384,24,0.5455577632699404,19,0.4451948051948052
92,st7x4_rsi28>40_adx7>30,1.3867511139757975,-0.27429888882318876,24,0.5276752767527675,19,0.4425974025974026
93,st7x4_rsi28>40_adx14>20,1.5167020400937368,-0.2364125246620168,22,0.50723814930457,18,0.40935064935064935
94,st7x4_rsi28>40_adx14>30,1.0579835683552377,-0.23070181129888,16,0.42208345160374683,11,0.25142857142857145
95,st7x4_rsi28>50_adxnone,1.4207411410682322,-0.2654261679630866,24,0.5461254612546126,19,0.44467532467532467
96,st7x4_rsi28>50_adx7>20,1.340912805722978,-0.2654261679630866,24,0.5449900652852683,19,0.44467532467532467
97,st7x4_rsi28>50_adx7>30,1.2557104257507445,-0.30237257519016936,24,0.5265398807834232,19,0.44207792207792207
98,st7x4_rsi28>50_adx14>20,1.4641375187823429,-0.26595184183576226,21,0.5061027533352257,18,0.4088311688311688
99,st7x4_rsi28>50_adx14>30,1.0641539981010122,-0.23070181129888,16,0.42179960261141075,11,0.25142857142857145
100,st7x4_rsi28>60_adxnone,0.9563339544712006,-0.3440496957224565,19,0.4396820891285836,14,0.2825974025974026
101,st7x4_rsi28>60_adx7>20,0.9563339544712006,-0.3440496957224565,19,0.4396820891285836,14,0.2825974025974026
102,st7x4_rsi28>60_adx7>30,0.9231400239208016,-0.3440496957224565,19,0.4382628441669032,14,0.2825974025974026
103,st7x4_rsi28>60_adx14>20,1.0318813916198804,-0.36468789223307785,18,0.42889582741981264,14,0.27896103896103897
104,st7x4_rsi28>60_adx14>30,0.6348003308746322,-0.21438876299216403,15,0.3650298041441953,10,0.21766233766233767
105,st10x2_rsinone_adxnone,0.07813967588461046,-0.07503822230760271,84,0.5648594947487936,50,0.4831168831168831
106,st10x2_rsinone_adx7>20,0.04581511828511586,-0.09808594847684848,84,0.559182514902072,50,0.4815584415584416
107,st10x2_rsinone_adx7>30,0.0729848707126981,-0.2059472189390794,69,0.4547260857223957,43,0.42077922077922075
108,st10x2_rsinone_adx14>20,0.1003713605424088,-0.15913958827127206,62,0.4280442804428044,40,0.3761038961038961
109,st10x2_rsinone_adx14>30,-0.19189754539259485,0.322677552211718,35,0.23559466363894407,19,0.21142857142857144
110,st10x2_rsi14>40_adxnone,0.07813967588461046,-0.07503822230760271,84,0.5648594947487936,50,0.4831168831168831
111,st10x2_rsi14>40_adx7>20,0.04581511828511586,-0.09808594847684848,84,0.559182514902072,50,0.4815584415584416
112,st10x2_rsi14>40_adx7>30,0.0729848707126981,-0.2059472189390794,69,0.4547260857223957,43,0.42077922077922075
113,st10x2_rsi14>40_adx14>20,0.1003713605424088,-0.15913958827127206,62,0.4280442804428044,40,0.3761038961038961
114,st10x2_rsi14>40_adx14>30,-0.19189754539259485,0.322677552211718,35,0.23559466363894407,19,0.21142857142857144
115,st10x2_rsi14>50_adxnone,0.05225681251178149,-0.05756905651673305,82,0.5500993471473177,47,0.4607792207792208
116,st10x2_rsi14>50_adx7>20,0.020708269492439202,-0.08105207045598561,82,0.5444223673005961,47,0.4592207792207792
117,st10x2_rsi14>50_adx7>30,0.40527000447270556,-0.25465863446555037,62,0.4246380925347715,41,0.39636363636363636
118,st10x2_rsi14>50_adx14>20,0.07208796020898123,-0.18316319977146067,60,0.41413567981833665,38,0.3511688311688312
119,st10x2_rsi14>50_adx14>30,-0.17330802613497676,0.1815987788642488,33,0.22395685495316492,15,0.16727272727272727
120,st10x2_rsi14>60_adxnone,0.12477436053082225,-0.13729228075585753,64,0.43485665625887027,36,0.34025974025974026
121,st10x2_rsi14>60_adx7>20,0.064644259955285,-0.1423114736779587,64,0.4331535623048538,36,0.33974025974025973
122,st10x2_rsi14>60_adx7>30,0.29185808608629604,0.08233305319494644,52,0.3596366732898098,29,0.29038961038961036
123,st10x2_rsi14>60_adx14>20,0.43663594402687056,-0.0036825220630010147,43,0.3224524552937837,28,0.26181818181818184
124,st10x2_rsi14>60_adx14>30,-0.023910704040807307,0.18953053976188095,28,0.19585580471189326,12,0.13870129870129871
125,st10x2_rsi28>40_adxnone,0.058516399166923305,-0.07503822230760271,84,0.5634402497871133,50,0.4831168831168831
126,st10x2_rsi28>40_adx7>20,0.02678018253356873,-0.09808594847684848,84,0.5577632699403917,50,0.4815584415584416
127,st10x2_rsi28>40_adx7>30,0.10957595092079297,-0.2059472189390794,68,0.4524552937837071,43,0.42077922077922075
128,st10x2_rsi28>40_adx14>20,0.08034344376767866,-0.15913958827127206,62,0.426625035481124,40,0.3761038961038961
129,st10x2_rsi28>40_adx14>30,-0.20660586050027874,0.322677552211718,35,0.23417541867726369,19,0.21142857142857144
130,st10x2_rsi28>50_adxnone,0.08403272129123862,-0.12094537237714131,77,0.5217144479137099,43,0.41714285714285715
131,st10x2_rsi28>50_adx7>20,0.09415340586970311,-0.1428492075775577,76,0.5151859210899802,43,0.4155844155844156
132,st10x2_rsi28>50_adx7>30,0.26771174692945854,-0.19418743642597402,59,0.4084586999716151,37,0.3631168831168831
133,st10x2_rsi28>50_adx14>20,0.04066797552425827,-0.22313005618333615,54,0.3814930456996878,35,0.31792207792207794
134,st10x2_rsi28>50_adx14>30,-0.1704076210977179,0.18953053976188095,30,0.20834516037468068,12,0.13870129870129871
135,st10x2_rsi28>60_adxnone,0.5480880600092704,-0.0025054768346346457,38,0.29946068691456146,18,0.1548051948051948
136,st10x2_rsi28>60_adx7>20,0.529900239322382,-0.0025054768346346457,38,0.2991768379222254,18,0.1548051948051948
137,st10x2_rsi28>60_adx7>30,0.30024166755680604,0.0442111786147148,37,0.2764689185353392,17,0.15168831168831168
138,st10x2_rsi28>60_adx14>20,0.31752360188840534,-0.031063561538279383,37,0.2767527675276753,18,0.15064935064935064
139,st10x2_rsi28>60_adx14>30,-0.08665534381648365,0.16519206314637325,27,0.18279875106443372,11,0.10909090909090909
140,st10x3_rsinone_adxnone,0.5851188389397284,-0.2230831958992585,42,0.5861481691739995,30,0.5262337662337663
141,st10x3_rsinone_adx7>20,0.7908787249795113,-0.2230831958992585,42,0.5841612262276469,30,0.5262337662337663
142,st10x3_rsinone_adx7>30,1.570969817630146,-0.14408376581052107,35,0.5279591257451036,28,0.49194805194805197
143,st10x3_rsinone_adx14>20,1.322219141945502,-0.097263819363408,31,0.48623332387170026,25,0.45246753246753246
144,st10x3_rsinone_adx14>30,1.0590496769739652,-0.21769502894733483,21,0.3812091967073517,14,0.2109090909090909
145,st10x3_rsi14>40_adxnone,0.5851188389397284,-0.2230831958992585,42,0.5861481691739995,30,0.5262337662337663
146,st10x3_rsi14>40_adx7>20,0.7908787249795113,-0.2230831958992585,42,0.5841612262276469,30,0.5262337662337663
147,st10x3_rsi14>40_adx7>30,1.570969817630146,-0.17556431738164457,35,0.5279591257451036,28,0.49142857142857144
148,st10x3_rsi14>40_adx14>20,1.322219141945502,-0.097263819363408,31,0.48623332387170026,25,0.45246753246753246
149,st10x3_rsi14>40_adx14>30,1.0590496769739652,-0.21769502894733483,21,0.3812091967073517,14,0.2109090909090909
150,st10x3_rsi14>50_adxnone,0.5851188389397284,-0.16133959378074592,42,0.5861481691739995,29,0.52
151,st10x3_rsi14>50_adx7>20,0.8990243404913105,-0.16133959378074592,41,0.5824581322736304,29,0.52
152,st10x3_rsi14>50_adx7>30,1.6594316358297312,-0.07534800063381464,34,0.5276752767527675,26,0.4841558441558442
153,st10x3_rsi14>50_adx14>20,1.6736980486345447,-0.0255210236599116,29,0.4831109849560034,24,0.44623376623376626
154,st10x3_rsi14>50_adx14>30,1.0590496769739652,-0.15552321516616696,21,0.3812091967073517,13,0.20467532467532468
155,st10x3_rsi14>60_adxnone,0.9805227218274646,-0.03457021637507951,36,0.5339199545841612,24,0.44727272727272727
156,st10x3_rsi14>60_adx7>20,0.9805227218274646,-0.03457021637507951,36,0.5339199545841612,24,0.44727272727272727
157,st10x3_rsi14>60_adx7>30,1.34107132004053,0.11481241711572343,32,0.49276185069543005,21,0.4020779220779221
158,st10x3_rsi14>60_adx14>20,1.5781341870339372,0.08033773235966812,25,0.4405336361055918,20,0.36987012987012985
159,st10x3_rsi14>60_adx14>30,0.7491445682265512,0.015515787652705892,18,0.29832529094521715,11,0.19012987012987012
160,st10x3_rsi28>40_adxnone,0.5851188389397284,-0.2230831958992585,42,0.5861481691739995,30,0.5262337662337663
161,st10x3_rsi28>40_adx7>20,0.7908787249795113,-0.2230831958992585,42,0.5841612262276469,30,0.5262337662337663
162,st10x3_rsi28>40_adx7>30,1.570969817630146,-0.14408376581052107,35,0.5279591257451036,28,0.49194805194805197
163,st10x3_rsi28>40_adx14>20,1.322219141945502,-0.097263819363408,31,0.48623332387170026,25,0.45246753246753246
164,st10x3_rsi28>40_adx14>30,1.0590496769739652,-0.21769502894733483,21,0.3812091967073517,14,0.2109090909090909
165,st10x3_rsi28>50_adxnone,0.3815658824756769,-0.030200677365690876,42,0.5796196423502696,27,0.5038961038961038
166,st10x3_rsi28>50_adx7>20,0.6551612247373169,-0.030200677365690876,41,0.5759296054499007,27,0.5038961038961038
167,st10x3_rsi28>50_adx7>30,1.3244895064502789,0.08147377462148397,34,0.5208629009367016,24,0.4685714285714286
168,st10x3_rsi28>50_adx14>20,1.3303552473744635,0.12685545206115978,29,0.4765824581322736,22,0.43012987012987014
169,st10x3_rsi28>50_adx14>30,0.8921448657574087,0.015515787652705892,19,0.33806414987226796,11,0.19012987012987012
170,st10x3_rsi28>60_adxnone,1.0721733730850853,-0.08029571134143054,23,0.3848992336077207,14,0.21558441558441557
171,st10x3_rsi28>60_adx7>20,1.0721733730850853,-0.08029571134143054,23,0.3848992336077207,14,0.21558441558441557
172,st10x3_rsi28>60_adx7>30,0.9832023528823646,-0.08029571134143054,23,0.37950610275333524,14,0.21558441558441557
173,st10x3_rsi28>60_adx14>20,0.9877340584488892,-0.10923241236469183,22,0.36758444507522,14,0.21194805194805194
174,st10x3_rsi28>60_adx14>30,0.6189044629922849,-0.0052622473991820184,17,0.27504967357365884,10,0.1605194805194805
175,st10x4_rsinone_adxnone,1.339349514274597,-0.36523552908605617,24,0.5492478001703094,21,0.4820779220779221
176,st10x4_rsinone_adx7>20,1.2622052156351877,-0.36523552908605617,24,0.5481124042009651,21,0.4820779220779221
177,st10x4_rsinone_adx7>30,1.2616874974961316,-0.34066010633694477,24,0.5302299176837922,20,0.4675324675324675
178,st10x4_rsinone_adx14>20,1.4294198199364008,-0.2914804211177604,22,0.5092250922509225,19,0.4348051948051948
179,st10x4_rsinone_adx14>30,1.0437922065401586,-0.21234014771944731,16,0.42179960261141075,11,0.2503896103896104
180,st10x4_rsi14>40_adxnone,1.339349514274597,-0.36523552908605617,24,0.5492478001703094,21,0.4820779220779221
181,st10x4_rsi14>40_adx7>20,1.2622052156351877,-0.36523552908605617,24,0.5481124042009651,21,0.4820779220779221
182,st10x4_rsi14>40_adx7>30,1.1798675617565344,-0.34066010633694477,24,0.5296622196991201,20,0.4675324675324675
183,st10x4_rsi14>40_adx14>20,1.411436152127596,-0.2914804211177604,22,0.5083735452739143,19,0.4348051948051948
184,st10x4_rsi14>40_adx14>30,1.0437922065401586,-0.21234014771944731,16,0.42179960261141075,11,0.2503896103896104
185,st10x4_rsi14>50_adxnone,1.339349514274597,-0.36523552908605617,24,0.5492478001703094,21,0.4820779220779221
186,st10x4_rsi14>50_adx7>20,1.2622052156351877,-0.36523552908605617,24,0.5481124042009651,21,0.4820779220779221
187,st10x4_rsi14>50_adx7>30,1.1252685622733978,-0.34066010633694477,24,0.529378370706784,20,0.4675324675324675
188,st10x4_rsi14>50_adx14>20,1.384916357116972,-0.2914804211177604,22,0.50723814930457,19,0.4348051948051948
189,st10x4_rsi14>50_adx14>30,1.0437922065401586,-0.21234014771944731,16,0.42179960261141075,11,0.2503896103896104
190,st10x4_rsi14>60_adxnone,1.3418437296031889,-0.3228543780254469,24,0.5384615384615384,20,0.4581818181818182
191,st10x4_rsi14>60_adx7>20,1.2646171796836763,-0.3228543780254469,24,0.5373261424921941,20,0.4581818181818182
192,st10x4_rsi14>60_adx7>30,1.058800669332177,-0.20682834163569486,24,0.5151859210899802,18,0.42753246753246754
193,st10x4_rsi14>60_adx14>20,1.4412737252751504,-0.24387752591834322,20,0.4919103037184218,18,0.4077922077922078
194,st10x4_rsi14>60_adx14>30,0.7339133765884245,-0.21234014771944731,16,0.3885892705080897,11,0.2503896103896104
195,st10x4_rsi28>40_adxnone,1.339349514274597,-0.36523552908605617,24,0.5492478001703094,21,0.4820779220779221
196,st10x4_rsi28>40_adx7>20,1.2622052156351877,-0.36523552908605617,24,0.5481124042009651,21,0.4820779220779221
197,st10x4_rsi28>40_adx7>30,1.2616874974961316,-0.34066010633694477,24,0.5302299176837922,20,0.4675324675324675
198,st10x4_rsi28>40_adx14>20,1.4294198199364008,-0.2914804211177604,22,0.5092250922509225,19,0.4348051948051948
199,st10x4_rsi28>40_adx14>30,1.0437922065401586,-0.21234014771944731,16,0.42179960261141075,11,0.2503896103896104
200,st10x4_rsi28>50_adxnone,1.293896477671891,-0.38979133918319364,24,0.5486801021856372,21,0.4815584415584416
201,st10x4_rsi28>50_adx7>20,1.2182510754600373,-0.38979133918319364,24,0.5475447062162929,21,0.4815584415584416
202,st10x4_rsi28>50_adx7>30,1.1375132237369452,-0.36616661459337907,24,0.5290945217144479,20,0.467012987012987
203,st10x4_rsi28>50_adx14>20,1.4381607183194944,-0.31888944135495956,21,0.5061027533352257,19,0.4342857142857143
204,st10x4_rsi28>50_adx14>30,1.0499200864801836,-0.21234014771944731,16,0.4215157536190747,11,0.2503896103896104
205,st10x4_rsi28>60_adxnone,0.8920237197463206,-0.3270204710144593,19,0.4396820891285836,14,0.28103896103896103
206,st10x4_rsi28>60_adx7>20,0.8920237197463206,-0.3270204710144593,19,0.4396820891285836,14,0.28103896103896103
207,st10x4_rsi28>60_adx7>30,0.8599209676525827,-0.3270204710144593,19,0.4382628441669032,14,0.28103896103896103
208,st10x4_rsi28>60_adx14>20,1.0178700241642908,-0.34819445885508593,18,0.42861197842747656,14,0.27740259740259743
209,st10x4_rsi28>60_adx14>30,0.623527139315871,-0.1956377384219442,15,0.3647459551518592,10,0.21662337662337663
210,st14x2_rsinone_adxnone,0.1539644612866522,0.03394377254197689,84,0.5742265114958842,49,0.4820779220779221
211,st14x2_rsinone_adx7>20,0.11936654087710208,0.008180488567805622,84,0.5685495316491627,49,0.4805194805194805
212,st14x2_rsinone_adx7>30,0.14668661564314123,-0.12049773341820735,69,0.46153846153846156,42,0.41974025974025975
213,st14x2_rsinone_adx14>20,0.11803150157101738,-0.06801638166648516,64,0.4385466931592393,39,0.3761038961038961
214,st14x2_rsinone_adx14>30,-0.1979396274884273,0.3218071401392737,36,0.2378654555776327,19,0.21454545454545454
215,st14x2_rsi14>40_adxnone,0.1539644612866522,0.03394377254197689,84,0.5742265114958842,49,0.4820779220779221
216,st14x2_rsi14>40_adx7>20,0.11936654087710208,0.008180488567805622,84,0.5685495316491627,49,0.4805194805194805
217,st14x2_rsi14>40_adx7>30,0.14668661564314123,-0.12049773341820735,69,0.46153846153846156,42,0.41974025974025975
218,st14x2_rsi14>40_adx14>20,0.11803150157101738,-0.06801638166648516,64,0.4385466931592393,39,0.3761038961038961
219,st14x2_rsi14>40_adx14>30,-0.1979396274884273,0.3218071401392737,36,0.2378654555776327,19,0.21454545454545454
220,st14x2_rsi14>50_adxnone,0.1181236771075942,0.03811594439763888,82,0.559182514902072,46,0.4587012987012987
221,st14x2_rsi14>50_adx7>20,0.08460032757092506,0.012248700371518817,82,0.5535055350553506,46,0.45714285714285713
222,st14x2_rsi14>50_adx7>30,0.49094496855589065,-0.18400442580310117,62,0.43116661935850126,40,0.39376623376623376
223,st14x2_rsi14>50_adx14>20,0.0814236751399624,-0.10512030348861523,62,0.42435424354243545,37,0.3496103896103896
224,st14x2_rsi14>50_adx14>30,-0.17948909976689176,0.1815987788642488,34,0.22622764689185354,15,0.16727272727272727
225,st14x2_rsi14>60_adxnone,0.1446613583499159,-0.10784814185873237,64,0.4393982401362475,36,0.34025974025974026
226,st14x2_rsi14>60_adx7>20,0.08346810482479627,-0.11303863939565617,64,0.43769514618223104,36,0.33974025974025973
227,st14x2_rsi14>60_adx7>30,0.28126783747121387,0.11927298550382304,53,0.36417825716718705,29,0.29038961038961036
228,st14x2_rsi14>60_adx14>20,0.4075116235127427,0.012374328067172202,44,0.3264263411864888,28,0.26285714285714284
229,st14x2_rsi14>60_adx14>30,-0.03120880297049622,0.18953053976188095,29,0.19812659665058188,12,0.13870129870129871
230,st14x2_rsi28>40_adxnone,0.1329610936778769,0.03394377254197689,84,0.5728072665342038,49,0.4820779220779221
231,st14x2_rsi28>40_adx7>20,0.09899289183006488,0.008180488567805622,84,0.5671302866874822,49,0.4805194805194805
232,st14x2_rsi28>40_adx7>30,0.18579108307022163,-0.12049773341820735,68,0.45926766959977294,42,0.41974025974025975
233,st14x2_rsi28>40_adx14>20,0.09768215164432781,-0.06801638166648516,64,0.4371274481975589,39,0.3761038961038961
234,st14x2_rsi28>40_adx14>30,-0.21253797034337907,0.3218071401392737,36,0.2364462106159523,19,0.21454545454545454
235,st14x2_rsi28>50_adxnone,0.12493560215876731,-0.037615891473818275,77,0.5299460686914561,42,0.41454545454545455
236,st14x2_rsi28>50_adx7>20,0.13543816188498714,-0.06159608821046714,76,0.5234175418677264,42,0.412987012987013
237,st14x2_rsi28>50_adx7>30,0.3450002096734939,-0.11780089511445124,59,0.4149872267953449,36,0.3605194805194805
238,st14x2_rsi28>50_adx14>20,0.025167469542080267,-0.15410991784891004,56,0.3908600624467783,34,0.31584415584415587
239,st14x2_rsi28>50_adx14>30,-0.17661038069933277,0.18953053976188095,31,0.2106159523133693,12,0.13870129870129871
240,st14x2_rsi28>60_adxnone,0.4958122562485694,0.008839848638002357,39,0.3037184217996026,18,0.15428571428571428
241,st14x2_rsi28>60_adx7>20,0.47823860149294584,0.008839848638002357,39,0.30343457280726654,18,0.15428571428571428
242,st14x2_rsi28>60_adx7>30,0.27181915129090073,0.05608785102586422,38,0.2812943514050525,17,0.15116883116883117
243,st14x2_rsi28>60_adx14>20,0.27303349370812025,-0.02004305064689027,38,0.2810105024127164,18,0.15012987012987014
244,st14x2_rsi28>60_adx14>30,-0.07102753480900204,0.16519206314637325,27,0.18592108998013057,11,0.10909090909090909
245,st14x3_rsinone_adxnone,0.5293132146752646,-0.2250941860526564,44,0.5852966221969912,29,0.5361038961038961
246,st14x3_rsinone_adx7>20,0.5166586769249057,-0.2250941860526564,44,0.5850127732046552,29,0.5361038961038961
247,st14x3_rsinone_adx7>30,1.3812586271555714,-0.13507175513320124,37,0.514618223105308,27,0.5064935064935064
248,st14x3_rsinone_adx14>20,0.9439223054798678,-0.12543210179074482,32,0.47346011921657677,25,0.4612987012987013
249,st14x3_rsinone_adx14>30,0.8715752535757315,-0.25945366374563483,22,0.3633267101901788,14,0.21454545454545454
250,st14x3_rsi14>40_adxnone,0.5293132146752646,-0.2250941860526564,44,0.5852966221969912,29,0.5361038961038961
251,st14x3_rsi14>40_adx7>20,0.5166586769249057,-0.2250941860526564,44,0.5850127732046552,29,0.5361038961038961
252,st14x3_rsi14>40_adx7>30,1.4744529206286066,-0.16688376795666915,36,0.5129151291512916,27,0.505974025974026
253,st14x3_rsi14>40_adx14>20,0.9439223054798678,-0.12543210179074482,32,0.47346011921657677,25,0.4612987012987013
254,st14x3_rsi14>40_adx14>30,0.8715752535757315,-0.25945366374563483,22,0.3633267101901788,14,0.21454545454545454
255,st14x3_rsi14>50_adxnone,0.5293132146752646,-0.16351040255981764,44,0.5852966221969912,28,0.5298701298701298
256,st14x3_rsi14>50_adx7>20,0.5166586769249057,-0.16351040255981764,44,0.5850127732046552,28,0.5298701298701298
257,st14x3_rsi14>50_adx7>30,1.5595937896139302,-0.09574545402065637,35,0.5126312801589554,26,0.49922077922077923
258,st14x3_rsi14>50_adx14>20,1.0374878781371928,-0.05592791286390064,31,0.4717570252625603,24,0.45506493506493506
259,st14x3_rsi14>50_adx14>30,0.8715752535757315,-0.2006005174439065,22,0.3633267101901788,13,0.2083116883116883
260,st14x3_rsi14>60_adxnone,0.9041458800775122,-0.0807053903653856,38,0.5307976156684644,24,0.4535064935064935
261,st14x3_rsi14>60_adx7>20,0.9041458800775122,-0.0807053903653856,38,0.5307976156684644,24,0.4535064935064935
262,st14x3_rsi14>60_adx7>30,1.1289323204718347,0.06153866722469381,34,0.48112404200965087,21,0.4083116883116883
263,st14x3_rsi14>60_adx14>20,1.3651095280518084,0.028711430689583706,26,0.4235026965654272,20,0.3761038961038961
264,st14x3_rsi14>60_adx14>30,0.5898866964833407,-0.03869140069154775,19,0.28044280442804426,11,0.19376623376623375
265,st14x3_rsi28>40_adxnone,0.5293132146752646,-0.2250941860526564,44,0.5852966221969912,29,0.5361038961038961
266,st14x3_rsi28>40_adx7>20,0.5166586769249057,-0.2250941860526564,44,0.5850127732046552,29,0.5361038961038961
267,st14x3_rsi28>40_adx7>30,1.3812586271555714,-0.13507175513320124,37,0.514618223105308,27,0.5064935064935064
268,st14x3_rsi28>40_adx14>20,0.9439223054798678,-0.12543210179074482,32,0.47346011921657677,25,0.4612987012987013
269,st14x3_rsi28>40_adx14>30,0.8715752535757315,-0.25945366374563483,22,0.3633267101901788,14,0.21454545454545454
270,st14x3_rsi28>50_adxnone,0.428146213722042,-0.03271092927206498,43,0.5742265114958842,26,0.5137662337662338
271,st14x3_rsi28>50_adx7>20,0.41632879790351374,-0.03271092927206498,43,0.5739426625035481,26,0.5137662337662338
272,st14x3_rsi28>50_adx7>30,1.2372257382268108,0.05761689557720162,35,0.5058189043428896,24,0.48363636363636364
273,st14x3_rsi28>50_adx14>20,0.9027041489889043,0.07942274871983068,30,0.46068691456145333,22,0.43792207792207793
274,st14x3_rsi28>50_adx14>30,0.7198669592743014,-0.03869140069154775,20,0.32018166335509507,11,0.19376623376623375
275,st14x3_rsi28>60_adxnone,1.0477009136268096,-0.09235626341340342,24,0.3760999148453023,14,0.21506493506493507
276,st14x3_rsi28>60_adx7>20,1.0477009136268096,-0.09235626341340342,24,0.3760999148453023,14,0.21506493506493507
277,st14x3_rsi28>60_adx7>30,0.8947393150476446,-0.09235626341340342,24,0.3701390860062447,14,0.21506493506493507
278,st14x3_rsi28>60_adx14>20,0.8809305776879468,-0.12091350269685808,23,0.35764973034345726,14,0.21142857142857144
279,st14x3_rsi28>60_adx14>30,0.5178555314195499,-0.01830675160683093,18,0.2642634118648879,10,0.16
280,st14x4_rsinone_adxnone,0.9922652824658462,-0.4286249081738728,26,0.5620210048254328,22,0.5023376623376623
281,st14x4_rsinone_adx7>20,1.0560146581585625,-0.4286249081738728,26,0.5608856088560885,22,0.5023376623376623
282,st14x4_rsinone_adx7>30,0.8637848309274292,-0.39355020824724674,26,0.5239852398523985,21,0.48675324675324677
283,st14x4_rsinone_adx14>20,1.408635634977279,-0.26942465549169914,23,0.5168890150439966,19,0.4296103896103896
284,st14x4_rsinone_adx14>30,0.6968516928634245,-0.18317662495470421,17,0.400794777178541,11,0.24311688311688312
285,st14x4_rsi14>40_adxnone,0.9922652824658462,-0.4286249081738728,26,0.5620210048254328,22,0.5023376623376623
286,st14x4_rsi14>40_adx7>20,1.0560146581585625,-0.4286249081738728,26,0.5608856088560885,22,0.5023376623376623
287,st14x4_rsi14>40_adx7>30,0.7963596206507055,-0.39355020824724674,26,0.5234175418677264,21,0.48675324675324677
288,st14x4_rsi14>40_adx14>20,1.3908058211359609,-0.26942465549169914,23,0.5160374680669884,19,0.4296103896103896
289,st14x4_rsi14>40_adx14>30,0.6968516928634245,-0.18317662495470421,17,0.400794777178541,11,0.24311688311688312
290,st14x4_rsi14>50_adxnone,0.9922652824658462,-0.4286249081738728,26,0.5620210048254328,22,0.5023376623376623
291,st14x4_rsi14>50_adx7>20,0.9991463750941696,-0.4286249081738728,26,0.5552086290093671,22,0.5023376623376623
292,st14x4_rsi14>50_adx7>30,0.7513663193510609,-0.39355020824724674,26,0.5231336928753902,21,0.48675324675324677
293,st14x4_rsi14>50_adx14>20,1.364512908412237,-0.26942465549169914,23,0.514902072097644,19,0.4296103896103896
294,st14x4_rsi14>50_adx14>30,0.6968516928634245,-0.18317662495470421,17,0.400794777178541,11,0.24311688311688312
295,st14x4_rsi14>60_adxnone,1.0028822919581657,-0.3465747317734241,26,0.5447062162929321,21,0.4805194805194805
296,st14x4_rsi14>60_adx7>20,1.0012778657083006,-0.3465747317734241,26,0.5444223673005961,21,0.4805194805194805
297,st14x4_rsi14>60_adx7>30,0.6965922399326157,-0.21738319920912474,26,0.5089412432585865,19,0.44727272727272727
298,st14x4_rsi14>60_adx14>20,1.4306950448441489,-0.18369283334727993,21,0.4930456996877661,18,0.40415584415584416
299,st14x4_rsi14>60_adx14>30,0.43957582327965894,-0.18317662495470421,17,0.36758444507522,11,0.24311688311688312
300,st14x4_rsi28>40_adxnone,0.9922652824658462,-0.4286249081738728,26,0.5620210048254328,22,0.5023376623376623
301,st14x4_rsi28>40_adx7>20,1.0560146581585625,-0.4286249081738728,26,0.5608856088560885,22,0.5023376623376623
302,st14x4_rsi28>40_adx7>30,0.8637848309274292,-0.39355020824724674,26,0.5239852398523985,21,0.48675324675324677
303,st14x4_rsi28>40_adx14>20,1.408635634977279,-0.26942465549169914,23,0.5168890150439966,19,0.4296103896103896
304,st14x4_rsi28>40_adx14>30,0.6968516928634245,-0.18317662495470421,17,0.400794777178541,11,0.24311688311688312
305,st14x4_rsi28>50_adxnone,0.953556014674237,-0.4286249081738728,26,0.5614533068407607,22,0.5023376623376623
306,st14x4_rsi28>50_adx7>20,0.9603034092154734,-0.4286249081738728,26,0.5546409310246949,22,0.5023376623376623
307,st14x4_rsi28>50_adx7>30,0.761456755948001,-0.39355020824724674,26,0.5228498438830542,21,0.48675324675324677
308,st14x4_rsi28>50_adx14>20,1.417301753181479,-0.26942465549169914,22,0.5137666761282997,19,0.4296103896103896
309,st14x4_rsi28>50_adx14>30,0.7019393448353888,-0.18317662495470421,17,0.40051092818620493,11,0.24311688311688312
310,st14x4_rsi28>60_adxnone,0.7671467853276106,-0.2921277602593094,20,0.43514050525120634,14,0.2727272727272727
311,st14x4_rsi28>60_adx7>20,0.7671467853276106,-0.2921277602593094,20,0.43514050525120634,14,0.2727272727272727
312,st14x4_rsi28>60_adx7>30,0.6912724138195561,-0.2921277602593094,20,0.42974737439682087,14,0.2727272727272727
313,st14x4_rsi28>60_adx14>20,0.7705817236677222,-0.31439957916527383,19,0.4175418677263696,14,0.2690909090909091
314,st14x4_rsi28>60_adx14>30,0.3616664109673653,-0.1658558001160727,16,0.34317343173431736,10,0.20935064935064934
315,st21x2_rsinone_adxnone,0.14243208832241483,0.19673213065151574,85,0.5702526256031791,48,0.47064935064935065
316,st21x2_rsinone_adx7>20,0.08932338406033447,0.16582562424778313,85,0.5651433437411297,48,0.4685714285714286
317,st21x2_rsinone_adx7>30,0.11528478715249824,0.04308558663112505,69,0.45586148169174,42,0.4135064935064935
318,st21x2_rsinone_adx14>20,0.12601807879918558,0.09890879090268179,66,0.4382628441669032,39,0.36883116883116884
319,st21x2_rsinone_adx14>30,-0.2655342080501196,0.40051866506460776,37,0.23304002270791938,19,0.20155844155844155
320,st21x2_rsi14>40_adxnone,0.1245731448550651,0.1809669557566369,85,0.569968776610843,48,0.4696103896103896
321,st21x2_rsi14>40_adx7>20,0.07229465654782063,0.15046759683926547,85,0.5648594947487936,48,0.4675324675324675
322,st21x2_rsi14>40_adx7>30,0.09785022087294237,0.029344477587268214,69,0.45557763269940393,42,0.4124675324675325
323,st21x2_rsi14>40_adx14>20,0.1084157255231879,0.08443229374983119,66,0.4379789951745671,39,0.3677922077922078
324,st21x2_rsi14>40_adx14>30,-0.2655342080501196,0.38206890414252825,37,0.23304002270791938,19,0.20051948051948051
325,st21x2_rsi14>50_adxnone,0.21090128675053554,0.05049711383935751,82,0.5574794209480556,47,0.44883116883116886
326,st21x2_rsi14>50_adx7>20,0.15460962706594805,0.023367236614197262,82,0.5523701390860063,47,0.44675324675324674
327,st21x2_rsi14>50_adx7>30,0.47563407506639366,-0.12229713552236599,62,0.430315072381493,41,0.38805194805194804
328,st21x2_rsi14>50_adx14>20,0.19142890956605418,-0.043037863367685336,63,0.42634118648878794,38,0.34285714285714286
329,st21x2_rsi14>50_adx14>30,-0.16980838752844252,0.276762940647568,34,0.224240703945501,16,0.16363636363636364
330,st21x2_rsi14>60_adxnone,0.14975797180111639,-0.1739485130070617,64,0.4345728072665342,37,0.334025974025974
331,st21x2_rsi14>60_adx7>20,0.0882922548467393,-0.17875444169451793,64,0.4328697133125177,37,0.33350649350649353
332,st21x2_rsi14>60_adx7>30,0.28922889024324094,0.06143665024944789,53,0.36275901220550666,30,0.2857142857142857
333,st21x2_rsi14>60_adx14>20,0.3989214595487838,-0.06263343906980412,44,0.3213170593244394,29,0.25662337662337664
334,st21x2_rsi14>60_adx14>30,-0.03371205812274891,0.13321985799764002,29,0.1967073516889015,13,0.13610389610389612
335,st21x2_rsi28>40_adxnone,0.10410473013628185,0.19673213065151574,85,0.5685495316491627,48,0.47064935064935065
336,st21x2_rsi28>40_adx7>20,0.05277776533326084,0.16582562424778313,85,0.5634402497871133,48,0.4685714285714286
337,st21x2_rsi28>40_adx7>30,0.13528926273170216,0.04308558663112505,68,0.4533068407607153,42,0.4135064935064935
338,st21x2_rsi28>40_adx14>20,0.08824139284005494,0.09890879090268179,66,0.43655975021288673,39,0.36883116883116884
339,st21x2_rsi28>40_adx14>30,-0.2789022584034131,0.40051866506460776,37,0.231620777746239,19,0.20155844155844155
340,st21x2_rsi28>50_adxnone,0.1304690052539519,-0.10552978501508503,77,0.525688333806415,43,0.40675324675324676
341,st21x2_rsi28>50_adx7>20,0.1216078263001723,-0.1286301503510876,76,0.5197275049673573,43,0.4046753246753247
342,st21x2_rsi28>50_adx7>30,0.35456792905379686,-0.1633868816004027,59,0.41441952881067273,37,0.35584415584415585
343,st21x2_rsi28>50_adx14>20,0.05068603142921457,-0.20247854019483835,56,0.3866023275617372,35,0.31012987012987014
344,st21x2_rsi28>50_adx14>30,-0.17873793337853672,0.13321985799764002,31,0.2091967073516889,13,0.13610389610389612
345,st21x2_rsi28>60_adxnone,0.4891552004454942,-0.03891719312665176,39,0.3025830258302583,19,0.15168831168831168
346,st21x2_rsi28>60_adx7>20,0.4716597565748837,-0.03891719312665176,39,0.30229917683792223,19,0.15168831168831168
347,st21x2_rsi28>60_adx7>30,0.26615896831927577,0.006094156113161775,38,0.2801589554357082,18,0.14857142857142858
348,st21x2_rsi28>60_adx14>20,0.26736790635155105,-0.06643281709099069,38,0.2798751064433721,19,0.14753246753246754
349,st21x2_rsi28>60_adx14>30,-0.06806268612539834,0.11003353020514495,27,0.18506954300312234,12,0.10649350649350649
350,st21x3_rsinone_adxnone,0.2806878354757225,-0.1076795981354548,47,0.5975021288674425,28,0.5137662337662338
351,st21x3_rsinone_adx7>20,0.24654405933266887,-0.1076795981354548,47,0.5966505818904343,28,0.5137662337662338
352,st21x3_rsinone_adx7>30,0.5401194392096238,-0.10962328938425159,42,0.5393130854385467,26,0.4903896103896104
353,st21x3_rsinone_adx14>20,0.49831312193680755,-0.019304932857567736,36,0.48992336077206927,24,0.44987012987012986
354,st21x3_rsinone_adx14>30,0.4139359242017422,-0.21481885951781465,24,0.34572807266534206,13,0.2
355,st21x3_rsi14>40_adxnone,0.2806878354757225,-0.1076795981354548,47,0.5975021288674425,28,0.5137662337662338
356,st21x3_rsi14>40_adx7>20,0.24654405933266887,-0.1076795981354548,47,0.5966505818904343,28,0.5137662337662338
357,st21x3_rsi14>40_adx7>30,0.5401194392096238,-0.10962328938425159,42,0.5393130854385467,26,0.4903896103896104
358,st21x3_rsi14>40_adx14>20,0.49831312193680755,-0.019304932857567736,36,0.48992336077206927,24,0.44987012987012986
359,st21x3_rsi14>40_adx14>30,0.4139359242017422,-0.21481885951781465,24,0.34572807266534206,13,0.2
360,st21x3_rsi14>50_adxnone,0.2470377665099186,-0.1129530499527408,47,0.591825149020721,28,0.5132467532467533
361,st21x3_rsi14>50_adx7>20,0.2137911179807468,-0.1129530499527408,47,0.5909736020437127,28,0.5132467532467533
362,st21x3_rsi14>50_adx7>30,0.9511178369640956,-0.10962328938425159,38,0.5219982969060459,26,0.4903896103896104
363,st21x3_rsi14>50_adx14>20,0.5235049269344885,-0.025100662926296424,35,0.48282713596366733,24,0.44935064935064933
364,st21x3_rsi14>50_adx14>30,0.3767847621116136,-0.21481885951781465,24,0.3400510928186205,13,0.2
365,st21x3_rsi14>60_adxnone,0.6501918184641498,-0.03668698831695516,40,0.5373261424921941,24,0.44
366,st21x3_rsi14>60_adx7>20,0.6501918184641498,-0.03668698831695516,40,0.5373261424921941,24,0.44
367,st21x3_rsi14>60_adx7>30,0.7633326017017024,0.09060875210879482,36,0.4859494748793642,21,0.40415584415584416
368,st21x3_rsi14>60_adx14>20,1.0419575277289983,0.05687648791500899,28,0.4294635254044848,20,0.37402597402597404
369,st21x3_rsi14>60_adx14>30,0.30913936564003075,0.0005655023186195152,21,0.2847005393130854,11,0.1890909090909091
370,st21x3_rsi28>40_adxnone,0.2806878354757225,-0.1076795981354548,47,0.5975021288674425,28,0.5137662337662338
371,st21x3_rsi28>40_adx7>20,0.24654405933266887,-0.1076795981354548,47,0.5966505818904343,28,0.5137662337662338
372,st21x3_rsi28>40_adx7>30,0.5401194392096238,-0.10962328938425159,42,0.5393130854385467,26,0.4903896103896104
373,st21x3_rsi28>40_adx14>20,0.49831312193680755,-0.019304932857567736,36,0.48992336077206927,24,0.44987012987012986
374,st21x3_rsi28>40_adx14>30,0.4139359242017422,-0.21481885951781465,24,0.34572807266534206,13,0.2
375,st21x3_rsi28>50_adxnone,0.3177825213817307,0.010253358813177238,45,0.5804711893272779,26,0.5002597402597403
376,st21x3_rsi28>50_adx7>20,0.2826497824199601,0.010253358813177238,45,0.5796196423502696,26,0.5002597402597403
377,st21x3_rsi28>50_adx7>30,0.7951686382863392,0.05833858273909853,38,0.5174567130286688,24,0.47844155844155845
378,st21x3_rsi28>50_adx14>20,0.6099337308540582,0.09782759766751847,33,0.4714731762702242,22,0.43532467532467534
379,st21x3_rsi28>50_adx14>30,0.4326258528595377,0.0005655023186195152,22,0.3224524552937837,11,0.1890909090909091
380,st21x3_rsi28>60_adxnone,0.7834102157489995,-0.06750591469692746,26,0.382344592676696,14,0.21298701298701297
381,st21x3_rsi28>60_adx7>20,0.7834102157489995,-0.06750591469692746,26,0.382344592676696,14,0.21298701298701297
382,st21x3_rsi28>60_adx7>30,0.5904519442827783,-0.06750591469692746,26,0.37553221686063015,14,0.21298701298701297
383,st21x3_rsi28>60_adx14>20,0.6381644336047245,-0.0968450217176543,25,0.36389440817485097,14,0.20935064935064934
384,st21x3_rsi28>60_adx14>30,0.26078032706733567,0.02178259812501393,20,0.26880499574226513,10,0.15532467532467534
385,st21x4_rsinone_adxnone,1.0056061720442724,-0.4246653867014284,28,0.6119784274765825,22,0.48467532467532465
386,st21x4_rsinone_adx7>20,1.2848547365808107,-0.4246653867014284,28,0.610275333522566,22,0.48467532467532465
387,st21x4_rsinone_adx7>30,1.2595096297750392,-0.4509303303457832,28,0.5566278739710474,22,0.4815584415584416
388,st21x4_rsinone_adx14>20,1.5212695814092392,-0.34026267133638166,24,0.5523701390860063,20,0.42493506493506494
389,st21x4_rsinone_adx14>30,1.1111603486556194,-0.2695219172640012,17,0.42605733749645186,12,0.2420779220779221
390,st21x4_rsi14>40_adxnone,1.0056061720442724,-0.4246653867014284,28,0.6119784274765825,22,0.48467532467532465
391,st21x4_rsi14>40_adx7>20,1.2848547365808107,-0.4246653867014284,28,0.610275333522566,22,0.48467532467532465
392,st21x4_rsi14>40_adx7>30,1.1456258186429986,-0.4509303303457832,28,0.5546409310246949,22,0.4815584415584416
393,st21x4_rsi14>40_adx14>20,1.4720378877846416,-0.34026267133638166,24,0.5509508941243259,20,0.42493506493506494
394,st21x4_rsi14>40_adx14>30,1.1111603486556194,-0.2695219172640012,17,0.42605733749645186,12,0.2420779220779221
395,st21x4_rsi14>50_adxnone,1.0056061720442724,-0.4246653867014284,28,0.6119784274765825,22,0.48467532467532465
396,st21x4_rsi14>50_adx7>20,1.2423671930731093,-0.4246653867014284,28,0.6071529946068691,22,0.48467532467532465
397,st21x4_rsi14>50_adx7>30,0.9739345875371068,-0.4509303303457832,28,0.5520862900936702,22,0.4815584415584416
398,st21x4_rsi14>50_adx14>20,1.449902179060734,-0.34026267133638166,24,0.5464093102469486,20,0.42493506493506494
399,st21x4_rsi14>50_adx14>30,1.1111603486556194,-0.2695219172640012,17,0.42605733749645186,12,0.2420779220779221
400,st21x4_rsi14>60_adxnone,1.0651258427018622,-0.251223830064656,28,0.5708203235878513,20,0.4587012987012987
401,st21x4_rsi14>60_adx7>20,0.9809330415833217,-0.251223830064656,28,0.5702526256031791,20,0.4587012987012987
402,st21x4_rsi14>60_adx7>30,0.6475535975868165,-0.1936220186872183,28,0.5265398807834232,19,0.43792207792207793
403,st21x4_rsi14>60_adx14>20,1.5175453512581574,-0.16108773041934432,21,0.4984388305421516,18,0.3953246753246753
404,st21x4_rsi14>60_adx14>30,0.5311831807449718,-0.1663847955842629,17,0.36928753902923644,11,0.23896103896103896
405,st21x4_rsi28>40_adxnone,1.0056061720442724,-0.4246653867014284,28,0.6119784274765825,22,0.48467532467532465
406,st21x4_rsi28>40_adx7>20,1.2848547365808107,-0.4246653867014284,28,0.610275333522566,22,0.48467532467532465
407,st21x4_rsi28>40_adx7>30,1.2595096297750392,-0.4509303303457832,28,0.5566278739710474,22,0.4815584415584416
408,st21x4_rsi28>40_adx14>20,1.5212695814092392,-0.34026267133638166,24,0.5523701390860063,20,0.42493506493506494
409,st21x4_rsi28>40_adx14>30,1.1111603486556194,-0.2695219172640012,17,0.42605733749645186,12,0.2420779220779221
410,st21x4_rsi28>50_adxnone,0.9666376937590615,-0.3434331671171157,28,0.6114107294919103,21,0.4815584415584416
411,st21x4_rsi28>50_adx7>20,1.0470304420286083,-0.3434331671171157,28,0.6023275617371558,21,0.4815584415584416
412,st21x4_rsi28>50_adx7>30,0.7534198506844405,-0.37340649127634407,28,0.5447062162929321,21,0.47844155844155845
413,st21x4_rsi28>50_adx14>20,1.3232126348957594,-0.24711352593260916,23,0.5305137666761283,19,0.4218181818181818
414,st21x4_rsi28>50_adx14>30,1.1174902177633017,-0.1663847955842629,17,0.42577348850411584,11,0.23896103896103896
415,st21x4_rsi28>60_adxnone,0.8977298244702139,-0.27757569156374906,20,0.4382628441669032,14,0.26857142857142857
416,st21x4_rsi28>60_adx7>20,0.8977298244702139,-0.27757569156374906,20,0.4382628441669032,14,0.26857142857142857
417,st21x4_rsi28>60_adx7>30,0.8162487279822015,-0.27757569156374906,20,0.4328697133125177,14,0.26857142857142857
418,st21x4_rsi28>60_adx14>20,0.8516823338053789,-0.30030536291892496,19,0.4209480556344025,14,0.2649350649350649
419,st21x4_rsi28>60_adx14>30,0.4483160056888298,-0.14870789825293407,16,0.3448765256883338,10,0.2051948051948052
