name,year,form,status,bytes,mdna_words,rf_words,mdna_src,n_ex13,full_bytes,era,rf_applicable
Watsco,1998,10-K405,200,11085,1911,0,EX-13,1.0,152520.0,1998-00,False
Watsco,2001,10-K405,200,171332,3083,0,EX-13,1.0,171332.0,2001-05,False
Watsco,2004,10-K,200,169346,2338,0,EX-13,1.0,868711.0,2001-05,False
Watsco,2007,10-K,200,175178,1736,1322,EX-13,1.0,886737.0,2006-10,True
Watsco,2010,10-K,200,185690,1894,1918,EX-13,1.0,1531650.0,2006-10,True
Watsco,2013,10-K,200,231102,2736,1820,EX-13,1.0,8484907.0,2011-18,True
Watsco,2016,10-K,200,219911,2669,1919,EX-13,1.0,5961723.0,2011-18,True
Watsco,2019,10-K,200,226732,2753,3167,EX-13,1.0,11969336.0,2019-24,True
Watsco,2022,10-K,200,603660,3524,3657,EX-13,1.0,11575320.0,2019-24,True
Watsco,2024,10-K,200,534891,3574,3273,EX-13,1.0,11190726.0,2019-24,True
Toro,1998,10-K405,200,11789,5795,0,EX-13,1.0,301257.0,1998-00,False
Toro,2001,10-K405,200,221303,6893,0,,,,2001-05,False
Toro,2004,10-K,200,860980,8718,0,,,,2001-05,False
Toro,2007,10-K,200,2063337,8803,5802,,,,2006-10,True
Toro,2010,10-K,200,1303559,8889,6866,,,,2006-10,True
Toro,2013,10-K,200,1426223,9410,8480,,,,2011-18,True
Toro,2016,10-K,200,2401042,8439,9315,,,,2011-18,True
Toro,2019,10-K,200,3581814,4189,11696,,,,2019-24,True
Toro,2022,10-K,200,3149398,13339,11563,,,,2019-24,True
Toro,2024,10-K,200,2497895,11358,12545,,,,2019-24,True
Graco,1998,10-K,200,12121,2459,0,10-K body,0.0,294199.0,1998-00,False
Graco,2001,10-K,200,312809,2569,0,,,,2001-05,False
Graco,2004,10-K,200,767870,6665,0,,,,2001-05,False
Graco,2007,10-K,200,569626,4831,598,,,,2006-10,True
Graco,2010,10-K,200,691153,5801,791,,,,2006-10,True
Graco,2013,10-K,200,1399741,6767,1771,,,,2011-18,True
Graco,2016,10-K,200,2139701,7504,2122,,,,2011-18,True
Graco,2019,10-K,200,2119324,6339,2569,,,,2019-24,True
Graco,2022,10-K,200,2392390,4076,3782,,,,2019-24,True
Graco,2024,10-K,200,1856256,4043,5439,,,,2019-24,True
LancasterColony,1998,10-K405,200,11421,1883,0,EX-13,1.0,209866.0,1998-00,False
LancasterColony,2001,10-K405,200,46238,1925,0,EX-13,1.0,149437.0,2001-05,False
LancasterColony,2004,10-K,200,202483,6662,0,,,,2001-05,False
LancasterColony,2007,10-K,200,733649,9334,2738,,,,2006-10,True
LancasterColony,2010,10-K,200,745530,8891,3956,,,,2006-10,True
LancasterColony,2013,10-K,200,1166603,7110,4801,,,,2011-18,True
LancasterColony,2016,10-K,200,1800212,5460,5217,,,,2011-18,True
LancasterColony,2019,10-K,200,2022011,5965,5957,,,,2019-24,True
LancasterColony,2022,10-K,200,2366832,6986,8324,,,,2019-24,True
LancasterColony,2024,10-K,200,1819560,5483,9261,,,,2019-24,True
Werner,1998,10-K405,200,11083,1796,0,EX-13,1.0,98350.0,1998-00,False
Werner,2001,10-K,200,113639,2164,0,,,,2001-05,False
Werner,2004,10-K,200,173463,6765,0,,,,2001-05,False
Werner,2007,10-K,200,254496,9337,2041,,,,2006-10,True
Werner,2010,10-K,200,285535,11648,2552,,,,2006-10,True
Werner,2013,10-K,200,1506278,9538,2346,,,,2011-18,True
Werner,2016,10-K,200,1495944,8801,2352,,,,2011-18,True
Werner,2019,10-K,200,1593395,8600,2528,,,,2019-24,True
Werner,2022,10-K,200,2057885,6990,3159,,,,2019-24,True
Werner,2024,10-K,200,1688409,7065,3741,,,,2019-24,True
UniFirst,1998,10-K,200,10908,2642,0,EX-13,1.0,106454.0,1998-00,False
UniFirst,2001,10-K,200,31015,1424,0,EX-13,1.0,111379.0,2001-05,False
UniFirst,2004,10-K,200,776149,4738,0,,,,2001-05,False
UniFirst,2007,10-K,200,2565169,8483,3587,,,,2006-10,True
UniFirst,2010,10-K,200,2443165,8659,4749,,,,2006-10,True
UniFirst,2013,10-K,200,3138606,9605,5762,,,,2011-18,True
UniFirst,2016,10-K,200,2949837,10517,6045,,,,2011-18,True
UniFirst,2019,10-K,200,5216803,12250,6343,,,,2019-24,True
UniFirst,2022,10-K,200,6021572,10319,7783,,,,2019-24,True
UniFirst,2024,10-K,200,3771798,9565,7867,,,,2019-24,True
Mueller,1998,10-K,200,11246,52,0,10-K body,1.0,193064.0,1998-00,False
Mueller,2001,10-K,200,422228,51,0,10-K body,1.0,422228.0,2001-05,False
Mueller,2004,10-K,200,195220,52,0,10-K body,0.0,514623.0,2001-05,False
Mueller,2007,10-K,200,273927,47,1400,10-K body,0.0,366318.0,2006-10,True
Mueller,2010,10-K,200,2699742,47,1770,10-K body,0.0,2913373.0,2006-10,True
Mueller,2013,10-K,200,2557684,47,1882,10-K body,0.0,17145695.0,2011-18,True
Mueller,2016,10-K,200,2841839,52,1937,10-K body,0.0,15240219.0,2011-18,True
Mueller,2019,10-K,200,3260298,48,2207,10-K body,0.0,19022328.0,2019-24,True
Mueller,2022,10-K,200,3552720,48,2441,10-K body,0.0,18886244.0,2019-24,True
Mueller,2024,10-K,200,2660046,48,2172,10-K body,0.0,15747980.0,2019-24,True
BadgerMeter,1998,10-K405,200,10886,1761,0,EX-13,1.0,126935.0,1998-00,False
BadgerMeter,2001,10-K405,200,34602,5892,0,EX-13,1.0,216409.0,2001-05,False
BadgerMeter,2004,10-K,200,163483,3855,0,,,,2001-05,False
BadgerMeter,2007,10-K,200,902922,4303,1111,,,,2006-10,True
BadgerMeter,2010,10-K,200,882714,4932,1785,,,,2006-10,True
BadgerMeter,2013,10-K,200,1545799,6277,1998,,,,2011-18,True
BadgerMeter,2016,10-K,200,1514740,6455,2567,,,,2011-18,True
BadgerMeter,2019,10-K,200,3483047,5723,2898,,,,2019-24,True
BadgerMeter,2022,10-K,200,3024417,4378,3324,,,,2019-24,True
BadgerMeter,2024,10-K,200,2302269,3692,3615,,,,2019-24,True
Brady,1998,10-K405,200,11085,2973,0,EX-13,1.0,242662.0,1998-00,False
Brady,2001,10-K405,200,211745,2570,0,,,,2001-05,False
Brady,2004,10-K,200,284726,6377,0,,,,2001-05,False
Brady,2007,10-K,200,1628802,6037,29886,,,,2006-10,True
Brady,2010,10-K,200,1238638,6762,35069,,,,2006-10,True
Brady,2013,10-K,200,3905569,9446,44740,,,,2011-18,True
Brady,2016,10-K,200,3540915,7559,40577,,,,2011-18,True
Brady,2019,10-K,200,3369752,4826,38942,,,,2019-24,True
Brady,2022,10-K,200,3404830,4877,4030,,,,2019-24,True
Brady,2024,10-K,200,2714386,4244,3768,,,,2019-24,True
AppliedIndustrial,1998,10-K405,200,11259,2641,0,EX-13,1.0,195414.0,1998-00,False
AppliedIndustrial,2001,10-K,200,86687,40,0,10-K body,1.0,187759.0,2001-05,False
AppliedIndustrial,2004,10-K,200,77131,5221,0,EX-13,1.0,252011.0,2001-05,False
AppliedIndustrial,2007,10-K,200,212903,5417,1610,EX-13,1.0,764316.0,2006-10,True
AppliedIndustrial,2010,10-K,200,230893,6815,2089,EX-13,1.0,900118.0,2006-10,True
AppliedIndustrial,2013,10-K,200,378359,6345,2196,EX-13,1.0,19795333.0,2011-18,True
AppliedIndustrial,2016,10-K,200,2202171,9047,3641,,,,2011-18,True
AppliedIndustrial,2019,10-K,200,2376387,7434,4491,,,,2019-24,True
AppliedIndustrial,2022,10-K,200,2592101,7731,4120,,,,2019-24,True
AppliedIndustrial,2024,10-K,200,1940345,6418,4189,,,,2019-24,True
TootsieRoll,1998,10-K,200,11074,5391,0,EX-13,1.0,183262.0,1998-00,False
TootsieRoll,2001,10-K,200,37363,1654,0,EX-13,1.0,146823.0,2001-05,False
TootsieRoll,2004,10-K,200,89406,3539,0,EX-13,1.0,603426.0,2001-05,False
TootsieRoll,2007,10-K,200,311734,11778,697,EX-13,1.0,1813672.0,2006-10,True
TootsieRoll,2010,10-K,200,406284,7421,1269,EX-13,1.0,1845410.0,2006-10,True
TootsieRoll,2013,10-K,200,338309,7146,1573,EX-13,1.0,11972712.0,2011-18,True
TootsieRoll,2016,10-K,200,2542133,6748,11,,,,2011-18,True
TootsieRoll,2019,10-K,200,2766770,7914,11,,,,2019-24,True
TootsieRoll,2022,10-K,200,2363222,8621,17,,,,2019-24,True
TootsieRoll,2024,10-K,200,2195625,7077,24,,,,2019-24,True
SandersonFarms,1998,10-K,200,10559,2269,0,10-K body,0.0,127660.0,1998-00,False
SandersonFarms,2001,10-K,200,134212,2074,0,,,,2001-05,False
SandersonFarms,2004,10-K,200,497066,5033,0,,,,2001-05,False
SandersonFarms,2007,10-K,200,534142,5518,2523,,,,2006-10,True
SandersonFarms,2010,10-K,200,617183,8462,4541,,,,2006-10,True
SandersonFarms,2013,10-K,200,832583,9108,5300,,,,2011-18,True
SandersonFarms,2016,10-K,200,1625116,10000,6424,,,,2011-18,True
SandersonFarms,2019,10-K,200,2394486,10297,6436,,,,2019-24,True
SandersonFarms,2021,10-K,200,1929221,13367,9246,,,,2019-24,True
